MSI B660M-G Pro DDR4 Intel LGA 1700 microATX Motherboard,100,M-ATX,N,Y,N
ASRock B550 Phantom Gaming 4 AMD AM4 ATX Motherboard,115,ATX,N,Y,N
MSI B550M-VC PRO WiFi AMD AM4 microATX Motherboard,120,M-ATX,Y,Y,N
ASUS B550M-A Prime AMD AM4 microATX Motherboard,120,M-ATX,N,Y,N
ASRock B550 Pro4 AMD AM4 ATX Motherboard,125,ATX,N,Y,N
ASRock B550M-ITX/ac AMD AM4 Mini-ITX Motherboard,130,ITX,Y,Y,N
"ASUS B550M-A PRIME AC PS AMD AM4 microATX Motherboard",130,M-ATX,Y,Y,N
ASUS B660-PLUS Prime D4 Intel LGA 1700 ATX Motherboard,140,ATX,N,Y,N
ASUS B550-Plus Prime AMD AM4 ATX Motherboard,140,ATX,N,Y,N
ASUS B550M-A Prime WiFi II AMD AM4 microATX Motherboard,140,M-ATX,Y,Y,N
MSI B550-A Pro AMD AM4 ATX Motherboard,140,ATX,N,Y,N
ASUS B660M-A Prime D4 Intel LGA 1700 microATX Motherboard,140,M-ATX,N,Y,N
MSI B550-VC Pro AMD AM4 ATX Motherboard,140,ATX,N,Y,N
MSI B660M-A Pro DDR4 Intel LGA 1700 microATX Motherboard,140,M-ATX,N,Y,N
MSI B660-A Pro DDR4 Intel LGA 1700 ATX Motherboard,145,ATX,N,Y,N
MSI B660M-A Pro WiFi DDR4 Intel LGA 1700 microATX Motherboard,150,M-ATX,Y,Y,N
ASRock Z690 Pro RS DDR4 Intel LGA 1700 ATX Motherboard,150,ATX,N,Y,N
MSI B550 MPG Gaming Plus AMD AM4 ATX Motherboard,160,ATX,N,Y,N
Gigabyte B660M Gaming X AX DDR4 Intel LGA 1700 microATX Motherboard,160,M-ATX,Y,Y,N
ASUS B660M-A Prime WiFi D4 Intel LGA 1700 microATX Motherboard,160,M-ATX,Y,Y,N
Gigabyte B660M AORUS PRO AX DDR4 Intel LGA 1700 microATX Motherboard,160,M-ATX,Y,Y,N
MSI B550 MAG Tomahawk AMD AM4 ATX Motherboard,170,ATX,N,Y,N
ASUS B550-PLUS TUF Gaming WiFi II AMD AM4 ATX Motherboard,170,ATX,Y,Y,N
ASUS Z690M-PLUS Prime DDR4 Intel LGA 1700 microATX Motherboard,170,M-ATX,N,Y,N
MSI B660 MAG Mortar WiFi D4 Intel LGA 1700 microATX Motherboard,180,M-ATX,Y,Y,N
Gigabyte B650M AORUS Elite AX AMD AM5 microATX Motherboard,180,M-ATX,Y,N,Y
ASUS B660M-PLUS TUF Gaming WiFi D4 Intel LGA 1700 microATX Motherboard,180,M-ATX,Y,Y,N
ASRock Z790M PG Lightning/D4 Intel LGA 1700 microATX Motherboard,180,M-ATX,N,Y,N
ASRock Z690 Steel Legend DDR4 Intel LGA 1700 ATX Motherboard,180,ATX,N,Y,N
MSI B660 MAG Tomahawk WiFi D4 Intel LGA 1700 ATX Motherboard,190,ATX,Y,Y,N
MSI B660M MAG Mortar WiFi D5 Intel LGA 1700 microATX Motherboard,190,M-ATX,Y,N,Y
ASRock B550 Phantom Gaming AMD AM4 Mini-ITX Motherboard,190,ITX,Y,Y,N
Gigabyte B550I AORUS Pro AX AMD AM4 Mini-ITX Motherboard,190,ITX,Y,Y,N
Gigabyte Z690 UD DDR4 Intel LGA 1700 ATX Motherboard,190,ATX,N,Y,N
MSI Z690-P Pro DDR4 Intel LGA 1700 ATX Motherboard,190,ATX,N,Y,N
MSI B550 MAG Tomahawk Max WiFi AMD AM4 ATX Motherboard,200,ATX,Y,Y,N
ASUS B550-F ROG Strix Gaming AMD AM4 ATX Motherboard,200,ATX,N,Y,N
ASRock B650 PG Lighting AMD AM5 ATX Motherboard,200,ATX,N,N,Y
Gigabyte Z690 UD AX (WiFi) DDR4 Intel LGA 1700 ATX Motherboard,200,ATX,Y,Y,N
ASUS Z690-P Prime DDR5 Intel LGA 1700 ATX Motherboard,200,ATX,N,N,Y
ASUS B550-F ROG Strix Gaming WiFi II AMD AM4 ATX Motherboard,205,ATX,Y,Y,N
Gigabyte B660 AORUS MASTER DDR4 Intel LGA 1700 ATX Motherboard,210,ATX,Y,Y,N
ASRock Z790 Pro RS/D4 Intel LGA 1700 ATX Motherboard,210,ATX,N,Y,N
Gigabyte Z690 Gaming X DDR4 Intel LGA 1700 ATX Motherboard,210,ATX,N,Y,N
MSI Z690-A Pro DDR4 Intel LGA 1700 ATX Motherboard,210,ATX,N,Y,N
ASUS B660-A ROG Strix Gaming WiFi D4 Intel LGA 1700 ATX Motherboard,220,ATX,Y,Y,N
ASUS B660-CREATOR ProArt D4 Intel LGA 1700 ATX Motherboard,220,ATX,N,Y,N
ASRock Z790 Pro RS Intel LGA 1700 ATX Motherboard,220,ATX,N,N,Y
ASUS Z690-P Prime WiFi DDR5 Intel LGA 1700 ATX Motherboard,220,ATX,Y,N,Y
MSI Z790-P Pro WiFi D4 Intel LGA 1700 ATX Motherboard,225,ATX,Y,Y,N
ASUS B650M-PLUS TUF Gaming WiFi AMD AM5 microATX Motherboard,230,M-ATX,Y,N,Y
Gigabyte B650 AORUS Elite AX AMD AM5 ATX Motherboard,230,ATX,Y,N,Y
MSI Z690-A Pro WiFi DDR4 Intel LGA 1700 ATX Motherboard,230,ATX,N,Y,N
ASRock Z790M-ITX WiFi Intel LGA 1700 Mini-ITX Motherboard,230,ITX,Y,N,Y
ASUS B550-Creator ProArt AMD AM4 ATX Motherboard,240,ATX,N,Y,N
Gigabyte B650 AORUS Pro AX AMD AM5 ATX Motherboard,240,ATX,Y,N,Y
Gigabyte B660I AORUS Pro DDR4 Intel LGA 1700 Mini-ITX Motherboard,240,ITX,Y,Y,N
Gigabyte B550 Vision D-P AMD AM4 ATX Motherboard,240,ATX,Y,Y,N
ASRock B650E PG Riptide WiFi AMD AM5 ATX Motherboard,240,ATX,Y,N,Y
ASRock B650E PG Riptide WiFi AMD AM5 ATX Motherboard,240,ATX,Y,N,Y
Gigabyte Z690 Aorus Elite AX DDR4 Intel LGA 1700 ATX Motherboard,240,ATX,Y,Y,N
ASUS Z790-P Prime WiFi D4 Intel LGA 1700 ATX Motherboard,240,ATX,Y,Y,N
ASRock X670E PG Lightning AMD AM5 ATX Motherboard,260,ATX,Y,N,Y
ASUS Z690-PLUS TUF Gaming WiFi DDR4 Intel LGA 1700 ATX Motherboard,260,ATX,Y,Y,N
ASUS Z690-A Prime DDR5 Intel LGA 1700 ATX Motherboard,260,ATX,N,N,Y
ASUS Z690-PLUS TUF Gaming WiFi D5 Intel LGA 1700 ATX Motherboard,260,ATX,Y,N,Y
Gigabyte Z790 AORUS ELITE AX Intel LGA 1700 ATX Motherboard,260,ATX,Y,N,Y
MSI Z690 MAG Tomahawk WiFi DDR4 Intel LGA 1700 ATX Motherboard,260,ATX,Y,Y,N
ASRock B650E Steel Legend WiFi AMD AM5 ATX Motherboard,270,ATX,Y,N,Y
Gigabyte B650 AERO G AMD AM5 ATX Motherboard,270,ATX,Y,N,Y
ASRock Z690 Extreme DDR4 Intel LGA 1700 ATX Motherboard,270,ATX,N,Y,N
ASRock Z690 Steel Legend WiFi 6E DDR4 Intel LGA 1700 ATX Motherboard,270,ATX,Y,Y,N
MSI Z790-A Pro WiFi D4 Intel LGA 1700 ATX Motherboard,270,ATX,Y,Y,N
ASRock X670E Pro RS AMD AM5 ATX Motherboard,280,ATX,Y,N,Y
MSI X670-P PRO WiFi AMD AM5 ATX Motherboard,280,ATX,Y,N,Y
Gigabyte X670 AORUS ELITE AX AMD AM5 ATX Motherboard,280,ATX,Y,N,Y
MSI Z790-A Pro WiFi Intel LGA 1700 ATX Motherboard,280,ATX,Y,N,Y
ASRock B650E PG-ITX WiFi AMD AM5 Mini-ITX Motherboard,290,ITX,Y,N,Y
ASUS X670-P PRIME WIFI AMD AM5 ATX Motherboard,290,ATX,Y,N,Y
MSI B550 MEG Unify AMD AM4 ATX Motherboard,290,ATX,Y,N,Y
ASRock Z790 Steel Legend WiFi Intel LGA 1700 ATX Motherboard,290,ATX,Y,N,Y
ASUS Z790-PLUS TUF Gaming WiFi D4 Intel LGA 1700 ATX Motherboard,290,ATX,Y,Y,N
ASRock X670E Steel Legend AMD AM5 ATX Motherboard,300,ATX,Y,N,Y
ASUS B650E-F ROG STRIX GAMING WIFI AMD AM5 ATX Motherboard,300,ATX,Y,N,Y
MSI Z690 MPG Edge WiFi DDR5 Intel LGA 1700 ATX Motherboard,300,ATX,Y,N,Y
ASUS Z690-G ROG Strix Gaming WiFi DDR5 Intel LGA 1700 microATX Motherboard,300,M-ATX,Y,N,Y
MSI Z690 MPG Edge WiFi DDR4 Intel LGA 1700 ATX Motherboard,300,ATX,Y,Y,N
Gigabyte Z790 AERO G Intel LGA 1700 ATX Motherboard,300,ATX,Y,N,Y
MSI Z690 MPG Edge WiFi DDR5 Intel LGA 1700 ATX Motherboard,300,ATX,Y,N,Y
ASUS Z790-A Prime WiFi Intel LGA 1700 ATX Motherboard,310,ATX,Y,N,Y
MSI Z790 MAG Tomahawk WiFi D4 Intel LGA 1700 ATX Motherboard,310,ATX,Y,Y,N
ASUS Z690-A ROG Strix Gaming WiFi DDR4 Intel LGA 1700 ATX Motherboard,310,ATX,Y,Y,N
ASUS X670E-PLUS TUF GAMING WIFI ATX Motherboard,330,ATX,Y,N,Y
ASUS B650E-E ROG Strix Gaming WiFi AMD AM5 ATX Motherboard,350,ATX,Y,N,Y
MSI Z790 MPG Edge WiFi D4 Intel LGA 1700 ATX Motherboard,370,ATX,Y,Y,N
MSI Z690 MPG Force WiFi DDR5 Intel LGA 1700 ATX Motherboard,370,ATX,Y,N,Y
ASUS Z690-E ROG Strix Gaming WiFi DDR5 Intel LGA 1700 ATX Motherboard,380,ATX,Y,N,Y
MSI Z690 MPG Carbon WiFi DDR5 Intel LGA 1700 ATX Motherboard,380,ATX,Y,N,Y
MSI Z690I MEG Unify DDR5 Intel LGA 1700 Mini-ITX Motherboard,400,ITX,Y,N,Y
ASUS X670E-A ROG STRIX GAMING WIFI ATX Motherboard,420,ATX,Y,N,Y
MSI Z690 MEG Unify DDR5 Intel LGA 1700 ATX Motherboard,420,ATX,Y,N,Y
ASUS Z790-F ROG Strix Gaming WiFi Intel LGA 1700 ATX Motherboard,420,ATX,Y,N,Y
ASUS Z690-Creator ProArt WiFi DDR5 Intel LGA 1700 ATX Motherboard,450,ATX,Y,N,Y
MSI X670E MPG CARBON WiFi AMD AM5 ATX Motherboard,480,ATX,Y,N,Y
ASRock Z790 Taichi Intel LGA 1700 eATX Motherboard,480,ATX,Y, N,Y
MSI Z790 MPG Carbon WiFi Intel LGA 1700 ATX Motherboard,480,ATX,Y, N,Y
Gigabyte X670E AORUS MASTER AMD AM5 eATX Motherboard,490,ATX,Y,N,Y
ASUS X670E-E ROG Strix Gaming WiFi AMD AM5 ATX Motherboard,500,ATX,Y,N,Y
ASUS Z790-E ROG Strix Gaming WiFi Intel LGA 1700 ATX Motherboard,500,ATX,Y, N,Y
Gigabyte Z790 AORUS MASTER Intel LGA 1700 eATX Motherboard,500,ATX,Y, N,Y
ASUS X670E ROG CROSSHAIR GENE microATX Motherboard,600,M-ATX,Y,N,Y
ASUS Z690 ROG Maximus DDR5 Intel LGA 1700 ATX Motherboard,600,ATX,Y,N,Y
ASUS Z690 ROG Maximus Formula DDR5 Intel LGA 1700 ATX Motherboard,800,ATX,Y,N,Y
ASUS Z790 ROG Maximus Extreme Intel LGA 1700 eATX Motherboard,1000,ATX,Y,N,Y
ASUS Z690 ROG Maximus Extreme DDR5 Intel LGA 1700 eATX Motherboard,1100,ATX,Y,N,Y
ASUS Z690 ROG Maximus Extreme Glacial DDR5 Intel LGA 1700 eATX Motherboard,2000,ATX,Y,N,Y
Motherboard Name,Price,"Size (ATX, M-ATX, ITX)",WiFi (Y or N),DDR4,DDR5